mean_absolute_error,mean_squared_error,mean_squared_log_error,median_absolute_error,r2_score,explained_variance
25259.843401421909,1282960945.368921,0.030625684388122239,18357.502470759006,0.78342162568616613,0.78367244244543521